Feeder,DeviceID,Type,Rating,Description,Lat,Lon,Source
ALA01,ALA01WS-01,WS,600A,สถานีไฟฟ้าอ่าวลึก,8.42051,98.739841,gis
ALA01,ALA01WB-01,WB,600A,สถานีไฟฟ้าอ่าวลึก,8.420338,98.739666,gis
ALA01,ALA01F-10/01,WF,10K,นากุ้งนายแสง,8.302945,98.73471,gis
ALA01,ALA01F-12,WF,10K,บ่อกุ้งนายศักดิ์สยาม,8.303828,98.720421,gis
ALA01,ALA01WS-101,WS,600A,RiserPole หน้า สฟ.อ่าวลึก,8.420328,98.738998,gis
ALA01,ALA01WR-101,WR,560A,บ.บากัน,8.304653,98.778385,gis
ALA01,ALA01WF-101,WF,10K,โรงแรม PN,8.404265,98.741042,gis
ALA01,ALA01WS-102,WS,400A,ในยวนแขก,8.360096,98.753179,gis
ALA01,ALA01WF-102,WF,20K,,8.403841,98.739335,gis
ALA01,ALA01WS-103,WS,400A,ก่อนแยกบ้านบ้ากัน,8.307515,98.77761,gis
ALA01,ALA01WF-103,WF,10K,,8.403236,98.741399,gis
ALA01,ALA01WS-104,WS,600A,เข้าบ้านบากัน,8.304659,98.778417,gis
ALA01,ALA01WF-105,WF,10K,,8.40025,98.741729,gis
ALA01,ALA01WS-106,WS,400A,หลังแยกบ้านบากัน,8.296929,98.788809,gis
ALA01,ALA01WF-106,WF,50K,มนตรีรีสอร์ท,8.388369,98.741997,gis
ALA01,ALA01WS-107,WS,600A,,8.271306,98.803326,gis
ALA01,ALA01WF-107,WF,6K,บ้านถ้ำยวนทอง,8.366228,98.748927,gis
ALA01,ALA01WS-108,WS,400A,บ้านคลองหิน,8.270968,98.803456,gis
ALA01,ALA01WF-108,WF,10K,บ้านในยวนแขก,8.360633,98.752476,gis
ALA01,ALA01WF-108/1,WF,2K,รพ.สต.บ้านกลาง,8.339179,98.766635,gis
ALA01,ALA01WF-109,WF,10K,AIS,8.329948,98.770185,gis
ALA01,ALA01WF-110,WF,20K,,8.327794,98.770901,gis
ALA01,ALA01WF-111,WF,6K,บ.หนองจุด,8.324969,98.771497,gis
ALA01,ALA01WF-112,WF,10K,บ้านใสกล้วย,8.320851,98.772839,gis
ALA01,ALA01WF-113,WF,10K,บ.ปอเนาะนาแค,8.303705,98.772786,gis
ALA01,ALA01WF-114,WF,6K,ซ.ฟาร์มไก่นาแค,8.303845,98.768361,gis
ALA01,ALA01WF-115,WF,50K,อนามัยอ่าวลึกน้อย,8.29656,98.753449,gis
ALA01,ALA01WF-116,WF,10K,บ้านควนโอ,8.297227,98.750074,gis
ALA01,ALA01WF-117,WF,20K,,8.285257,98.744807,gis
ALA01,ALA01WF-118,WF,6K,บ้านควนโอ-ป่างาม,8.28309,98.743919,gis
ALA01,ALA01WF-119,WF,10K,,8.281696,98.746659,gis
ALA01,ALA01WF-120,WF,25K,ไร่ใหญ่,8.301473,98.745304,gis
ALA01,ALA01WF-121,WF,15K,บ้านนายาว,8.305136,98.745773,gis
ALA01,ALA01WF-122,WF,10K,บ.นาเหนืออ่าวลึกน้อย,8.30804,98.749149,gis
ALA01,ALA01WF-123,WF,6K,บ้านคีรีวงศ์,8.328336,98.745182,gis
ALA01,ALA01WF-124,WF,25K,บ้านบากันซอยโรงเรียน,8.30639,98.720577,gis
ALA01,ALA01WF-125,WF,10K,บ้านหนองปาป,8.298573,98.78668,gis
ALA01,ALA01WF-126,WF,10K,บ้านป่างาม,8.28924,98.793725,gis
ALA01,ALA01WF-127,WF,10K,บ.หินลับ,8.283455,98.797575,gis
ALA01,ALA01WF-128,WF,15K,บ้านหนองถ้ำ,8.276264,98.800921,gis
ALA01,ALA01WF-701,WF,10K,ฟาร์มกุ้ง,8.305803,98.740134,gis
ALA01,ALA01WF-702,WF,15K,โรงโม่หินอ่าวลึกน้อย,8.321336,98.744939,gis
ALA01,ALA01WF-703,WF,25K,,,,manual
ALA01,ALA01WF-704,WF,10K,บ่อกุ้งนายส่งเสียม,8.300205,98.720938,gis
ALA01,ALA01WF-705,WF,10K,บ่อกุ้งนายดำรงค์,8.305816,98.719237,gis
ALA01,ALA01WF-706,WF,10K,สอระวีฟาร์ม,8.26935,98.785515,gis
ALA02,ALA02WS-01,WS,600A,สถานีไฟฟ้าอ่าวลึก,8.420499,98.739835,gis
ALA02,ALA02WB-01,WB,600A,สถานีไฟฟ้าอ่าวลึก,8.420311,98.739733,gis
ALA02,ALA02F-12/01,WF,10K,บ้านทุ่งต้นไพ,8.388492,98.790932,gis
ALA02,ALA02F-27,WF,50K,บ้านศาลาพระม่วง,8.282584,98.79869,gis
ALA02,ALA02F-28,WF,50K,ประปา-ศาลาพระม่วง,8.285574,98.807001,gis
ALA02,ALA02WS-101,WS,600A,RiserPole หน้า สฟ.อ่าวลึก,8.420206,98.739298,gis
ALA02,ALA02WR-101,WR,560A,บ.เขาแก้ว,8.291699,98.797073,gis
ALA02,ALA02WF-101,WF,25K,,8.399954,98.742536,gis
ALA02,ALA02WC-101,WC,3x100KVAR,คาปาซิเตอร์แบงค์,,,manual
ALA02,ALA02WS-102,WS,400A,,8.375158,98.743687,gis
ALA02,ALA02WF-102,WF,20K,,8.390987,98.742839,gis
ALA02,ALA02WS-103,WS,400A,,8.344698,98.763462,gis
ALA02,ALA02WF-103,WF,20K,,8.386153,98.74217,gis
ALA02,ALA02WS-104,WS,400A,การอาชีพอ่าวลึก,8.290643,98.793442,gis
ALA02,ALA02WF-104,WF,30K,,8.380369,98.741945,gis
ALA02,ALA02WS-105,WS,600A,บ้านนบ(เขาแก้ว),8.29167,98.797002,gis
ALA02,ALA02WF-105,WF,15K,บ้านถ้ำเพชร,8.381233,98.747627,gis
ALA02,ALA02WS-106,WS,600A,บ้านนบ(เขาแก้ว),8.291729,98.797146,gis
ALA02,ALA02WF-106,WF,50K,บ้านควนโป่ง,8.381564,98.765405,gis
ALA02,ALA02WF-106/1,WF,50K,,8.37813,98.767309,gis
ALA02,ALA02WS-107,WS,600A,บ้านนบ(เขาแก้ว),8.291764,98.797041,gis
ALA02,ALA02WF-107,WF,6K,บ้านพักสยามปาล์ม,8.388508,98.797333,gis
ALA02,ALA02WS-108,WS,400A,ต่อแดนอ่าวลึก (ฝั่งขวา),8.270739,98.803872,gis
ALA02,ALA02WF-108,WF,20K,,8.388491,98.804477,gis
ALA02,ALA02WF-109,WF,6K,(ประปา) ม.1,8.378131,98.832024,gis
ALA02,ALA02WF-110,WF,50K,บ้านถ้ำช้าง,8.374908,98.833565,gis
ALA02,ALA02WF-111,WF,,ตลาดกลาง / จ.บ้านนาแล / กรมป่าไม้,,,manual
ALA02,ALA02WF-113,WF,15K,บ้านเขาง่าม,8.332666,98.76995,gis
ALA02,ALA02WF-114,WF,6K,จ.น.บ้านนาลาม,8.357276,98.783967,gis
ALA02,ALA02WF-115,WF,6K,บ.โรงลม,8.359979,98.785689,gis
ALA02,ALA02WF-116,WF,6K,บ.นาตาเกิด,8.359186,98.773544,gis
ALA02,ALA02WF-117,WF,10K,พารามใก,8.35941,98.770232,gis
ALA02,ALA02WF-118,WF,10K,,8.356118,98.767386,gis
ALA02,ALA02WF-119,WF,15K,รร.ประกอบธรรม,8.319131,98.774003,gis
ALA02,ALA02WF-119/01,WF,2K,ฟาร์มไก่นายไพโรจน์ สายวารี ม.3 บ้านกลาง,8.321982,98.783001,gis
ALA02,ALA02WF-119/02,WF,2K,,8.32092,98.780544,gis
ALA02,ALA02WF-120,WF,25K,บ้านเขารอบ,8.301381,98.784642,gis
ALA02,ALA02WF-121,WF,10K,ลพวณ ซ.6,8.305986,98.786003,gis
ALA02,ALA02WF-122,WF,10K,นเทพอนุกู,8.339671,98.786593,gis
ALA02,ALA02WF-123,WF,6K,ซอยศรีสุข,8.343767,98.792958,gis
ALA02,ALA02WF-124,WF,6K,นเยียบ / เหมยขาว,8.343334,98.798096,gis
ALA02,ALA02WF-125,WF,6K,ลพวณ ซ.9,8.343053,98.806303,gis
ALA02,ALA02WF-126,WF,15K,ลพวณ ซ.10,,,manual
ALA02,ALA02WF-127,WF,,เยินเบล,,,manual
ALA02,ALA02WF-128,WF,50K,หมู่บ้านสี่มุมเมือง,8.292437,98.792635,gis
ALA02,ALA02WF-129,WF,50K,วิทยาลัยการอาชีพ,8.290913,98.793287,gis
ALA02,ALA02WF-130,WF,10K,บ้านนบใหม่,8.297248,98.810325,gis
ALA02,ALA02WF-131,WF,50K,บ้านทุ่งค้อ,8.305709,98.818509,gis
ALA02,ALA02WF-132,WF,50K,บ้านโต๊ะกราว,8.309016,98.824374,gis
ALA02,ALA02WF-133,WF,50K,บ้านคลองทรายขาว,8.322046,98.854307,gis
ALA02,ALA02WF-134,WF,50K,บ้านเขาแก้ว(ชั่วคราว),8.327008,98.860575,gis
ALA02,ALA02WF-135,WF,50K,บ้านช่องไม้ดำ,8.329893,98.871677,gis
ALA02,ALA02WF-136,WF,20K,บ.เขาอาย,8.339794,98.885253,gis
ALA02,ALA02WF-137,WF,50K,บ้านเขาฮาย,8.343647,98.888593,gis
ALA02,ALA02WF-138,WF,50K,บ้านคลองยางหัก,8.348024,98.897046,gis
ALA02,ALA02WF-139,WF,50K,บ้านช่องเทพ,8.350649,98.898103,gis
ALA02,ALA02WF-140,WF,50K,บ้านคลองไร่,8.358612,98.901548,gis
ALA02,ALA02WF-141,WF,50K,ซอยสมขวัญ,8.372295,98.891419,gis
ALA02,ALA02WF-142,WF,50K,บ้านช่องเทพ,8.363184,98.907254,gis
ALA02,ALA02WF-143,WF,25K,,8.366724,98.911668,gis
ALA02,ALA02WF-144,WF,50K,บ้านปากช่อง,8.377943,98.916764,gis
ALA02,ALA02WF-145,WF,10K,ประปาคลาพระม่วง,,,manual
ALA02,ALA02WF-146,WF,6K,บ.นาบใหม่,,,manual
ALA02,ALA02WF-701,WF,25K,กระบี่น้ำมันพืช,8.38086,98.746476,gis
ALA02,ALA02WF-702,WF,25K,โรงงานใยปาล์ม,8.381038,98.74728,gis
ALA02,ALA02WF-703,WF,25K,,8.341841,98.765361,gis
ALA02,ALA02WF-704,WF,15K,กระบี่วู๊ด,8.33879,98.767346,gis
ALA02,ALA02WF-705,WF,10K,,8.350402,98.781295,gis
ALA02,ALA02WF-706,WF,15K,หจก.สมบูรณ์ก่อสร้าง ยางมอตอย,8.351374,98.781221,gis
ALA02,ALA02WF-707,WF,10K,,8.355656,98.782329,gis
ALA02,ALA02WF-708,WF,10K,บ.เสริมสงวนก่อสร้าง,8.320326,98.788722,gis
ALA02,ALA02WF-709,WF,10K,,8.344532,98.786063,gis
ALA02,ALA02WF-710,WF,20K,,8.291533,98.794213,gis
ALA02,ALA02WF-711,WF,10K,พิธานพาล์ม 1,8.313421,98.834271,gis
ALA02,ALA02WF-712,WF,50K,พิธานปาล์ม,8.318172,98.850024,gis
ALA02,ALA02WF-713,WF,10K,ฟาร์มไก่ราศี,8.319529,98.852583,gis
ALA02,ALA02WF-714,WF,50K,บ้านพักพิธานปาล์ม,8.320194,98.872421,gis
ALA03,ALA03WS-01,WS,600A,สถานีไฟฟ้าอ่าวลึก,8.420485,98.739829,gis
ALA03,ALA03WB-01,WB,600A,สถานีไฟฟ้าอ่าวลึก,8.420325,98.739699,gis
ALA03,ALA03F-01/02,WF,50K,บริษัทวูดเวร์ค,8.426966,98.768648,gis
ALA03,ALA03F-08,WF,50K,บ.ควรเคียร,8.493757,98.78374,gis
ALA03,ALA03F-08/01,WF,10K,บ้านควนเศียร,8.488478,98.795848,gis
ALA03,ALA03F-09,WF,50K,บ.นาหัวนอน,8.498207,98.782474,gis
ALA03,ALA03WS-10,WS,600A,สหกรณ์คลองยา,8.398065,98.858185,gis
ALA03,ALA03F-11,WF,10K,บ.บางล้าน,8.506399,98.774508,gis
ALA03,ALA03WS-101,WS,600A,RiserPole หน้า สฟ.อ่าวลึก,8.42,98.739189,gis
ALA03,ALA03WR-101,WR,560A,บ.สหกรณ์ https://goo.gl/bktKvb,8.448139,98.789518,gis
ALA03,ALA03WF-101,WF,50K,บ้านห้วยปริศนา,8.423812,98.763283,gis
ALA03,ALA03WC-101,WC,3x100KVAR,คาปาซิเตอร์แบงค์,,,manual
ALA03,ALA03WS-102,WS,400A,สำนักงานขนส่ง,8.416332,98.758687,gis
ALA03,ALA03WR-102,WR,560A,บ้านโคกแซะ,8.455172,98.788972,gis
ALA03,ALA03WF-102,WF,50K,บ.ทับควาย,8.428673,98.770618,gis
ALA03,ALA03WS-103,WS,400A,พาร์มไก่ณรงค์ชัย,8.447696,98.785711,gis
ALA03,ALA03WR-103,WR,560A,อ.ปลายพระยา,8.532855,98.860262,gis
ALA03,ALA03WF-103,WF,10K,ลหกรณ์เมืองใหม่,8.429149,98.771764,gis
ALA03,ALA03WS-104,WS,600A,บ.สหกรณ์,8.44816,98.789491,gis
ALA03,ALA03WR-104,WR,560A,บ้านทะเลหอย,8.558463,98.812882,gis
ALA03,ALA03WF-104,WF,50K,สหกรณ์เมืองใหม่,8.45071,98.786281,gis
ALA03,ALA03WS-105,WS,600A,บ.สหกรณ์,8.448117,98.789547,gis
ALA03,ALA03WS-106,WS,600A,บ.สหกรณ์,8.44817,98.789537,gis
ALA03,ALA03WF-106,WF,50K,บ้านช่องเมาะ,8.426348,98.819267,gis
ALA03,ALA03WS-107,WS,400A,,8.398131,98.858239,gis
ALA03,ALA03WF-107,WF,10K,สหกรณ์ ซอย 1,8.423106,98.823983,gis
ALA03,ALA03WS-108,WS,600A,บ้านโคกแซะ,8.455149,98.788952,gis
ALA03,ALA03WF-108,WF,50K,สหกรณ์ ช.2,8.420158,98.828384,gis
ALA03,ALA03WS-109,WS,600A,บ้านโคกแซะ,8.455201,98.788997,gis
ALA03,ALA03WF-109,WF,50K,สหกรณ์ ช.3,8.417748,98.83177,gis
ALA03,ALA03WS-110,WS,600A,บ้านโคกแซะ,8.455136,98.789025,gis
ALA03,ALA03WF-110,WF,50K,สหกรณ์ ช.6,8.409141,98.843097,gis
ALA03,ALA03WS-111,WS,400A,ใกล้แยกปลายพระยา,8.521772,98.858141,gis
ALA03,ALA03WF-111,WF,50K,สหกรณ์ ช.7,8.40662,98.847141,gis
ALA03,ALA03WS-112,WS,600A,อ.ปลายพระยา,8.532848,98.860287,gis
ALA03,ALA03WS-113,WS,600A,อ.ปลายพระยา,8.532863,98.860236,gis
ALA03,ALA03WF-113,WF,50K,สหกรณ์ ช.5,8.43399,98.86123,gis
ALA03,ALA03WS-114,WS,600A,อ.ปลายพระยา,8.532877,98.860266,gis
ALA03,ALA03WF-114,WF,10K,ซ.8,8.403671,98.850577,gis
ALA03,ALA03WS-115,WS,400A,ก่อนถึงแยกทะเลหอย,8.552863,98.817282,gis
ALA03,ALA03WF-115,WF,50K,สหกรณ์ ช.8,8.403836,98.8507,gis
ALA03,ALA03WS-116,WS,600A,บ้านทะเลหอย,8.558403,98.812861,gis
ALA03,ALA03WS-117,WS,600A,บ้านทะเลหอย,8.558533,98.812907,gis
ALA03,ALA03WS-118,WS,600A,บ้านทะเลหอย,8.55844,98.812945,gis
ALA03,ALA03WF-118,WF,6K,บ.เขายิงหมี,8.45718,98.890153,gis
ALA03,ALA03WS-119,WS,400A,บ้านทะเลหอย,8.556568,98.807267,gis
ALA03,ALA03WF-119,WF,50K,สหกรณ์ ช.9,8.401147,98.854619,gis
ALA03,ALA03WS-120,WS,400A,บ้านหาดถั่ว อ.ปลายพระยา จ.กระบี่,8.580307,98.92705,gis
ALA03,ALA03WF-120,WF,10K,สหกรณ์ ซอย 9,8.400815,98.854392,gis
ALA03,ALA03WS-121,WS,600A,ต้นเครื่องวัดแบ่งแดนปลายพระยา-พระแสง,8.583225,98.933148,gis
ALA03,ALA03WF-121,WF,50K,สหกรณ์ ช.10,8.398273,98.858374,gis
ALA03,ALA03WF-122,WF,50K,สหกรณ์ ช.11,8.395803,98.861949,gis
ALA03,ALA03WF-123,WF,50K,สหกรณ์ ช.11,8.395376,98.862053,gis
ALA03,ALA03WF-124,WF,50K,สหกรณ์ ช.12,8.39278,98.865994,gis
ALA03,ALA03WF-125,WF,10K,สหกรณ์ ซอย 12 ขวามือ,8.392282,98.865658,gis
ALA03,ALA03WF-127,WF,10K,สหกรณ์ ซอย 13,8.388841,98.866058,gis
ALA03,ALA03WF-128,WF,50K,สหกรณ์ ช.13,8.390297,98.869245,gis
ALA03,ALA03WF-129,WF,50K,สหกรณ์ ช.14,8.387399,98.873553,gis
ALA03,ALA03WF-130,WF,10K,สหกรณ์ ซอย 14 ขวามือ,8.386915,98.873211,gis
ALA03,ALA03WF-131,WF,10K,สหกรณ์ ซอย 15,8.384064,98.876968,gis
ALA03,ALA03WF-133,WF,50K,สหกรณ์ ช.16,8.381268,98.880767,gis
ALA03,ALA03WF-134,WF,50K,สหกรณ์ ช.17,8.378531,98.884696,gis
ALA03,ALA03WF-138,WF,15K,โรงงานลดน้ำมันปาล์ม,,,manual
ALA03,ALA03WF-139,WF,50K,บ.ตก,8.456196,98.789369,gis
ALA03,ALA03WF-140,WF,50K,บ.นาเขาเขน,8.461167,98.791199,gis
ALA03,ALA03F-141,WF,50K,บ.หนองคล้า,8.466435,98.782332,gis
ALA03,ALA03WF-141,WF,10K,บ.หนองสลา,,,manual
ALA03,ALA03WF-142,WF,6K,บ.หนวนเยียว,,,manual
ALA03,ALA03WF-143,WF,10K,บริษัทลพบาล,,,manual
ALA03,ALA03WF-144,WF,10K,สำนักแม่ยาทวีลึก,,,manual
ALA03,ALA03WF-145,WF,2K,พาร์มหมู,8.50583,98.774026,gis
ALA03,ALA03WF-146,WF,2K,พาร์มหมู,8.505709,98.773395,gis
ALA03,ALA03WF-147,WF,2K,บ.นาทวยอน,8.519538,98.78055,gis
ALA03,ALA03WF-148,WF,2K,บ.นาทา,8.519852,98.780689,gis
ALA03,ALA03WF-149,WF,6K,บ.หนวนเยียว,,,manual
ALA03,ALA03WF-150,WF,2K,บ.นาทา,8.530291,98.787011,gis
ALA03,ALA03WF-151,WF,50K,บ.บางส้าน,8.534035,98.796992,gis
ALA03,ALA03WF-152,WF,6K,บริษัทสหปาล์ม,8.474098,98.805202,gis
ALA03,ALA03WF-153,WF,50K,บ.ปากหยา,8.500932,98.838055,gis
ALA03,ALA03WF-154,WF,5K,อบต.ปลายพระยา,8.50154,98.838761,gis
ALA03,ALA03WF-155,WF,50K,บ.คลองหยา,8.506592,98.84153,gis
ALA03,ALA03WF-156,WF,50K,บ.นาพงเข้,8.511829,98.846806,gis
ALA03,ALA03WF-157,WF,6K,เขาทวยลึกประชา,8.524321,98.859605,gis
ALA03,ALA03WF-158,WF,10K,,8.525447,98.860395,gis
ALA03,ALA03WF-159,WF,50K,โรงน้ำดื่มเทศบาล,8.525773,98.86029,gis
ALA03,ALA03WF-160,WF,6K,บ.นาทวยอน,8.54005,98.843191,gis
ALA03,ALA03WF-161,WF,50K,บ.บางหรน,8.542222,98.838366,gis
ALA03,ALA03WF-162,WF,10K,หนวนคุตม,8.542329,98.837591,gis
ALA03,ALA03WF-163,WF,6K,บ.ควนยาง,8.546691,98.827858,gis
ALA03,ALA03WF-164,WF,10K,บ.นายาว,8.547623,98.82327,gis
ALA03,ALA03WF-165,WF,10K,สหกรณ์บ้านตัวอย่าง,8.547607,98.82215,gis
ALA03,ALA03WF-166,WF,50K,บ.ควน,8.550273,98.819523,gis
ALA03,ALA03WF-167,WF,50K,โรงเรียนอนุบาลควาว,8.551564,98.818214,gis
ALA03,ALA03WF-168,WF,10K,,8.55471,98.811542,gis
ALA03,ALA03F-169,WF,50K,บ.ควน,8.561841,98.815048,gis
ALA03,ALA03WF-169,WF,6K,บ.แขวง,,,manual
ALA03,ALA03F-169/1,WF,2K,,8.557669,98.812588,gis
ALA03,ALA03F-170,WF,50K,บ.กลาง,8.569091,98.823878,gis
ALA03,ALA03WF-170,WF,10K,บ.นาลาย,,,manual
ALA03,ALA03F-171,WF,50K,บ.พรุเสือดำ,8.564418,98.826738,gis
ALA03,ALA03WF-171,WF,6K,ซ.บวนดี,,,manual
ALA03,ALA03WF-172,WF,50K,บ.คลองปัญญา,8.584158,98.827398,gis
ALA03,ALA03WF-173,WF,50K,บ.ทอยบ,8.599665,98.819903,gis
ALA03,ALA03WF-174,WF,50K,บ.ในช่อง,8.585179,98.827903,gis
ALA03,ALA03WF-175,WF,50K,บ.ในช่อง,8.591248,98.840871,gis
ALA03,ALA03F-176,WF,50K,บ.ถ้ำรอบ,8.613255,98.83671,gis
ALA03,ALA03WF-176,WF,20K,บ.แสนพืช,,,manual
ALA03,ALA03WF-177,WF,2K,บ.เขาสย,8.650566,98.807807,gis
ALA03,ALA03WF-178,WF,10K,บ้านพรุเจ,8.616008,98.842422,gis
ALA03,ALA03WF-179,WF,10K,บ้านทะเลตก,8.629385,98.847185,gis
ALA03,ALA03WF-180,WF,50K,บ.ทับใน,8.641928,98.848451,gis
ALA03,ALA03WF-180/1,WF,20K,,8.64519,98.847318,gis
ALA03,ALA03WF-181,WF,50K,บ.เขาเตย,8.652661,98.849832,gis
ALA03,ALA03WF-182,WF,50K,บ.ทีขึ้น,8.659759,98.849849,gis
ALA03,ALA03WF-183,WF,50K,ซ.นายกทอน,8.641577,98.848705,gis
ALA03,ALA03WF-184,WF,10K,บ.อ่าวเขา,8.647317,98.853807,gis
ALA03,ALA03WF-185,WF,10K,ซอยสุขสวัสดิ์,8.651883,98.856867,gis
ALA03,ALA03WF-186,WF,50K,บ.ควนเขียว,8.65417,98.857597,gis
ALA03,ALA03WF-187,WF,50K,บ.เขาแดง,8.661627,98.8723,gis
ALA03,ALA03WF-188,WF,10K,ซอยโชคชัย,8.671036,98.872201,gis
ALA03,ALA03WF-189,WF,50K,บ.คลองพวน,8.672533,98.875451,gis
ALA03,ALA03F-190,WF,50K,บ.ทุ่งหยา,8.557886,98.794416,gis
ALA03,ALA03WF-190,WF,,บ.ทุ่งขยา,,,manual
ALA03,ALA03WF-190/01,WF,2K,,8.555663,98.79171,gis
ALA03,ALA03WF-191,WF,50K,ป่าไม้,8.557409,98.780422,gis
ALA03,ALA03WF-192,WF,50K,บ.น้ำราษฎร์,8.559721,98.776939,gis
ALA03,ALA03WF-193,WF,10K,ซอยหลวงเท่ง,8.569131,98.764606,gis
ALA03,ALA03WF-194,WF,50K,โรงโม่หิน,8.573384,98.763146,gis
ALA03,ALA03WF-195,WF,50K,บ.บางโสก,8.576066,98.753774,gis
ALA03,ALA03WF-196,WF,50K,บ.บางสาน,8.589293,98.766222,gis
ALA03,ALA03WF-197,WF,10K,กปน.ปลายพระยา,8.534169,98.865336,gis
ALA03,ALA03WF-198,WF,6K,บ.นาเจียน,8.53469,98.864478,gis
ALA03,ALA03WF-199,WF,50K,บ.เขาง่าม,8.542393,98.868492,gis
ALA03,ALA03WF-200,WF,50K,บ.เขาง่าม,8.546039,98.857161,gis
ALA03,ALA03WF-201,WF,50K,บ.บางเหียน,8.554237,98.878621,gis
ALA03,ALA03WF-202,WF,15K,บ.พุ่มยอด,,,manual
ALA03,ALA03WF-203,WF,50K,บ.ทับญา,8.580066,98.857882,gis
ALA03,ALA03WF-204,WF,50K,ซอยชวนสัก,8.571123,98.856521,gis
ALA03,ALA03WF-204/1,WF,6K,,8.563116,98.855493,gis
ALA03,ALA03WF-205,WF,50K,บ้านสามราษฎร์,8.554764,98.881926,gis
ALA03,ALA03WF-206,WF,6K,ปักหมี,8.57095,98.894091,gis
ALA03,ALA03WF-207,WF,6K,เขาทวยเมืองใหม่,8.570654,98.894589,gis
ALA03,ALA03WF-208,WF,2K,เขาทวยเมืองใหม่,8.571031,98.915569,gis
ALA03,ALA03WF-209,WF,6K,บักดี,8.573396,98.917184,gis
ALA03,ALA03WF-210,WF,50K,บ.ช่องหล่ำ,8.574277,98.917767,gis
ALA03,ALA03WF-211,WF,50K,บ.หน้าสวน,8.581504,98.919862,gis
ALA03,ALA03WF-701,WF,,,,,manual
ALA03,ALA03WF-702,WF,6K,,8.403519,98.746586,gis
ALA03,ALA03WF-703,WF,6K,,8.414026,98.755776,gis
ALA03,ALA03WF-704,WF,50K,บ้านพักบริษัทวูดเวร์ค,8.42511,98.765585,gis
ALA03,ALA03WF-705,WF,10K,ไทยอินทิเกรตปาล์ม,8.426014,98.76781,gis
ALA03,ALA03WF-706,WF,10K,หจก.กระบี่พืชผล,8.430272,98.814483,gis
ALA03,ALA03WF-707,WF,40K,ลวนขุเรียน,,,manual
ALA03,ALA03WF-708,WF,10K,โรงงานชุมชนสหกรณ์สวนปาล์ม,8.38899,98.865932,gis
ALA03,ALA03WF-709,WF,25K,โรงงานสกัดน้ำมันปาล์ม,8.45088,98.785903,gis
ALA03,ALA03WF-710,WF,10K,บริษัทนันฑวัชัย,8.466367,98.794739,gis
ALA03,ALA03WF-711,WF,10K,บริษัทลาภภัคดี,8.557457,98.79634,gis
ALA03,ALA03WF-712,WF,50K,,8.57322,98.769234,gis
ALA03,ALA03WF-713,WF,50K,บ้านพักพนักงาน,8.588395,98.918482,gis
ALA03,ALA03WS-901,WS,400A,บ.ยูนิวานิชน้ำมันปาล์ม จำกัด ปลายพระยา,8.578937,98.919315,gis
ALA03,ALA03WS-902,WS,600A,บ.ยูนิวานิชน้ำมันปาล์ม จำกัด ปลายพระยา,8.578961,98.919364,gis
ALA05,ALA05WS-01,WS,600A,สถานีไฟฟ้าอ่าวลึก,8.420459,98.739819,gis
ALA05,ALA05WB-01,WB,600A,สถานีไฟฟ้าอ่าวลึก,8.420366,98.739597,gis
ALA05,ALA05F-07/02,WF,50K,เขาล่อม,8.443575,98.685009,gis
ALA05,ALA05F-15/01,WF,50K,โรงเลื่อยไม้ยาง,8.507505,98.670614,gis
ALA05,ALA05WF-038,WF,50K,บ.บางเตียว,8.443916,98.684956,gis
ALA05,ALA05WS-101,WS,600A,RiserPole หน้า สฟ.อ่าวลึก,8.421596,98.739419,gis
ALA05,ALA05WR-101,WR,560A,จุดแบ่งแดนทับปุด https://goo.gl/bktKvb,8.507757,98.668298,gis
ALA05,ALA05WF-101,WF,50K,บ้านหนองเต่า,8.431886,98.739506,gis
ALA05,ALA05WS-102,WS,400A,บ.ในยวนไทย,8.445513,98.738839,gis
ALA05,ALA05WR-102,WR,560A,บ้านมะรุ่ย,8.500756,98.63365,gis
ALA05,ALA05WF-102,WF,50K,บ้านนพวงศ์ 10,8.451554,98.738868,gis
ALA05,ALA05WS-103,WS,400A,,8.447112,98.739557,gis
ALA05,ALA05WF-103,WF,50K,บ้านเขาลังตัง,8.489427,98.71524,gis
ALA05,ALA05WS-104,WS,400A,สี่แยกนาเหนือ,8.506401,98.684759,gis
ALA05,ALA05WF-104,WF,50K,ฟาร์มไก่พันธุ์,8.475171,98.701594,gis
ALA05,ALA05WS-105,WS,400A,สี่แยกนาเหนือ,8.507169,98.675545,gis
ALA05,ALA05SW-105,SW,,,,,manual
ALA05,ALA05WF-105,WF,10K,,,,manual
ALA05,ALA05WS-106,WS,600A,,8.507749,98.668355,gis
ALA05,ALA05WF-106,WF,50K,บ้านหนองมัด,8.500699,98.69892,gis
ALA05,ALA05WS-107,WS,600A,,8.507767,98.668233,gis
ALA05,ALA05WF-107,WF,50K,บ้านวัดนาเหนือ,8.505829,98.692002,gis
ALA05,ALA05WS-108,WS,600A,,8.507841,98.668313,gis
ALA05,ALA05WF-108,WF,10K,บ้านทุ่งสาลิกา,8.495605,98.68629,gis
ALA05,ALA05WS-109,WS,600A,ct/pt ต่อแดนทับปุด,8.507814,98.667773,gis
ALA05,ALA05WF-109,WF,50K,บ้านปากลาว,8.506292,98.681337,gis
ALA05,ALA05WS-110,WS,600A,ปั๊มแก๊ส,8.508035,98.664864,gis
ALA05,ALA05WF-110,WF,50K,พาร์มหมูปากลาว,8.489187,98.67369,gis
ALA05,ALA05WS-111,WS,400A,สะพานคลองไทรมาศ,8.517695,98.63378,gis
ALA05,ALA05WF-111,WF,50K,บ้านมะรุ่ย,8.473719,98.672183,gis
ALA05,ALA05WS-112,WS,400A,หน้าวัดนิโครธาราม,8.517156,98.633409,gis
ALA05,ALA05WF-112,WF,50K,บ.ปากลาว,8.473767,98.672138,gis
ALA05,ALA05WS-113,WS,600A,อบต.ทับปุด,8.501517,98.629667,gis
ALA05,ALA05WF-113,WF,50K,บ.ระจุย,8.477093,98.656353,gis
ALA05,ALA05WS-114,WS,600A,,8.500758,98.633614,gis
ALA05,ALA05WF-114,WF,50K,บ้านป่าแต้ว,8.507448,98.671267,gis
ALA05,ALA05WS-115,WS,600A,,8.500754,98.633686,gis
ALA05,ALA05WF-115,WF,50K,บ้านบางรากไม้,8.507673,98.668513,gis
ALA05,ALA05WS-116,WS,600A,,8.500721,98.633646,gis
ALA05,ALA05WF-116,WF,50K,ปั้มแก๊ส,8.508039,98.664281,gis
ALA05,ALA05WS-117,WS,400A,บ.บางหลง,8.458759,98.649999,gis
ALA05,ALA05WF-117,WF,50K,บ.ป่าแต้วใต้,8.508501,98.658508,gis
ALA05,ALA05WF-118,WF,10K,นางรุจิราภรณ์,8.508817,98.648611,gis
ALA05,ALA05WF-119,WF,50K,ปากทาง ศูนย์ฝึกฝีมือพังงา,8.508748,98.648507,gis
ALA05,ALA05WF-120,WF,2K,ศูนย์ฝึกฝีมือพังงา,8.501056,98.64909,gis
ALA05,ALA05WF-121,WF,2K,ซ.ประปาไทรมาศ,8.496318,98.649467,gis
ALA05,ALA05WF-122,WF,50K,โรงสูบน้ำ,8.49504,98.652384,gis
ALA05,ALA05WF-123,WF,2K,บ.ไทรมาศ,8.496159,98.649355,gis
ALA05,ALA05WF-124,WF,2K,ซ.บางเรี่ยม,8.494068,98.647229,gis
ALA05,ALA05WF-125,WF,2K,ซ.รีแล็กซ์,8.496199,98.644379,gis
ALA05,ALA05WF-126,WF,10K,โรงน้ำแข็ง,8.510473,98.645705,gis
ALA05,ALA05WF-127,WF,2K,หมู่บ้านเมืองใหม่,8.511515,98.644272,gis
ALA05,ALA05WF-128,WF,2K,หน้าไฟฟ้า ทับปุด,8.512921,98.642324,gis
ALA05,ALA05WF-129,WF,10K,สถานีตำรวจทับปุด,8.51492,98.63927,gis
ALA05,ALA05WF-130,WF,10K,ไปรษณีย์ทับปุด,8.515777,98.638109,gis
ALA05,ALA05WF-131,WF,2K,ปั๊มเชลล์ ทับปุด,8.517833,98.636614,gis
ALA05,ALA05WF-132,WF,50K,การประปา,8.516274,98.633376,gis
ALA05,ALA05WF-133,WF,2K,รร.วัดนิโครธาราม,8.515524,98.633161,gis
ALA05,ALA05WF-134,WF,50K,บ.หลังเมรุ,8.513349,98.632855,gis
ALA05,ALA05WF-135,WF,2K,ซ.ห้องพักทับปุดสตาร์,8.510741,98.630837,gis
ALA05,ALA05WF-136,WF,50K,อบต.ทับปุด,8.503065,98.6295,gis
ALA05,ALA05WF-137,WF,2K,บ้านเรวดี,8.490292,98.641553,gis
ALA05,ALA05WF-138,WF,50K,DTAC สี่แยกมะรุ่ย,8.476833,98.649485,gis
ALA05,ALA05WF-139,WF,50K,โรงกรองน้ำมะรุ่ย,8.476775,98.650463,gis
ALA05,ALA05WF-140,WF,50K,วัดรัตนธาราม,8.473708,98.651902,gis
ALA05,ALA05WF-141,WF,10K,อบต.มะรุ่ย,8.472788,98.652203,gis
ALA05,ALA05WF-142,WF,50K,ซอบค่าย,8.464555,98.652994,gis
ALA05,ALA05WF-143,WF,50K,บ้านป่ายาง,8.461233,98.650259,gis
ALA05,ALA05WF-144,WF,50K,ซ.กันเอง,8.451205,98.649039,gis
ALA05,ALA05WF-145,WF,10K,ซอยมิตรภาพ 3,8.449907,98.647854,gis
ALA05,ALA05WF-146,WF,50K,วัดนิโครคุณากร,8.445333,98.648704,gis
ALA05,ALA05WF-147,WF,10K,ฟาร์มกุ้ง นายคลาย ชิดเชื้อ,8.431447,98.647059,gis
ALA05,ALA05WF-148,WF,50K,บ.คลองจูด,8.427344,98.644256,gis
ALA05,ALA05WF-149,WF,2K,ฟาร์มกุ้ง สมชาติ พลันการ,8.426997,98.635847,gis
ALA05,ALA05WF-150,WF,2K,ฟาร์มกุ้ง นายจำนง,8.423788,98.62315,gis
ALA05,ALA05WF-151,WF,50K,สหพล แซ่แต้,8.425616,98.632049,gis
ALA05,ALA05WF-152,WF,2K,ฟาร์มกุ้ง นายสหพล,8.425758,98.630906,gis
ALA05,ALA05WF-153,WF,2K,ลิ้นจี่ฟาร์ม,8.425919,98.643243,gis
ALA05,ALA05WF-154,WF,50K,ฟาร์มกุ้ง สหพล แซ่แต้,8.418816,98.640141,gis
ALA05,ALA05WF-155,WF,50K,AIS,8.418546,98.639723,gis
ALA05,ALA05WF-156,WF,50K,D-TAC บ.โคกไคร,8.417193,98.639339,gis
ALA05,ALA05WF-157,WF,2K,รร.บ้านท่าสนุก,8.415956,98.63881,gis
ALA05,ALA05WF-158,WF,2K,บ.ท่าแครง,8.413853,98.637658,gis
ALA05,ALA05WF-159,WF,2K,ซ.สามัคคี,8.412306,98.630922,gis
ALA05,ALA05WF-160,WF,50K,ฟาร์มกุ้งนายวิชัย,8.414318,98.630218,gis
ALA05,ALA05WF-161,WF,2K,ฟาร์มกุ้งสหพล,8.411678,98.630561,gis
ALA05,ALA05WF-162,WF,50K,บ.ท่าสนุก,8.413582,98.637835,gis
ALA05,ALA05WF-163,WF,2K,ซอย กุโบว์,8.404065,98.639883,gis
ALA05,ALA05WF-164,WF,2K,ฟาร์มกุ้ง นายทรงศักดิ์,8.401557,98.637781,gis
ALA05,ALA05WF-165,WF,2K,ฟาร์มกุ้งวินัย,8.401042,98.637208,gis
ALA05,ALA05WF-166,WF,2K,ฟาร์มกุ้งประวิช,8.400168,98.636711,gis
ALA05,ALA05WF-167,WF,2K,ว.ชุมชน.ทับปุด,8.497379,98.630302,gis
ALA05,ALA05WF-168,WF,2K,รร.ทับปุดวิทยา,8.500526,98.631398,gis
ALA05,ALA05WF-701,WF,50K,ทุ่งลาซีก,8.495946,98.686519,gis
ALA05,ALA05WF-702,WF,50K,พาร์มหมูนายจตุ,8.484096,98.690836,gis
ALA06,ALA06WS-01,WS,600A,สถานีไฟฟ้าอ่าวลึก,8.420444,98.739813,gis
ALA06,ALA06WB-01,WB,600A,สถานีไฟฟ้าอ่าวลึก,8.420332,98.739683,gis
ALA06,ALA06F-07,WF,50K,บ้านซอยเจริญทอง,8.38081,98.724343,gis
ALA06,ALA06F-08,WF,50K,บ้านเขาวง(สี่แยกอ่าวลึกใต้),8.37844,98.723225,gis
ALA06,ALA06WS-15,WS,400A,,8.396041,98.741669,gis
ALA06,ALA06WS-101,WS,600A,RiserPole หน้า สฟ.อ่าวลึก,8.420228,98.738986,gis
ALA06,ALA06WR-101,WR,560A,https://goo.gl/bktKvb,8.373052,98.717096,gis
ALA06,ALA06F-101,WF,50K,โรงงานน้ำยางช่องไม้แก้ว,8.41261,98.736812,gis
ALA06,ALA06WF-101,WF,25K,โรงงานปาล์ม / อ.สังข์เมืองใหม่,,,manual
ALA06,ALA06WC-101,WC,3x100KVAR,คาปาซิเตอร์แบงค์,,,manual
ALA06,ALA06WS-102,WS,400A,,8.39796,98.742458,gis
ALA06,ALA06WR-102,WR,560A,บ้านทางสาย,8.384749,98.715489,gis
ALA06,ALA06WF-102,WF,50K,บ.กระบี่พารารับเบอร์,8.394425,98.739405,gis
ALA06,ALA06WS-103,WS,400A,,8.386722,98.729641,gis
ALA06,ALA06WR-103,WR,,รีโคลสเซอร์ (109/110/108),,,manual
ALA06,ALA06WF-103,WF,50K,ซอยสุวรรณฤทธิ์,8.390876,98.733986,gis
ALA06,ALA06WS-104,WS,600A,,8.373728,98.731872,gis
ALA06,ALA06WF-104,WF,10K,ซอยน้ำตกธารโบกขรณี,8.389903,98.732943,gis
ALA06,ALA06WS-105,WS,600A,ที่ว่าการอำเภออ่าวลึก,8.373063,98.717129,gis
ALA06,ALA06WF-105,WF,50K,อ่าวลึกรีสอร์ท,8.387797,98.730999,gis
ALA06,ALA06WS-106,WS,600A,ที่ว่าการอำเภออ่าวลึก,8.373041,98.717065,gis
ALA06,ALA06WF-106,WF,50K,บ้านพักสยามออยล์(เขาพระ),8.386649,98.729379,gis
ALA06,ALA06WS-107,WS,600A,ที่ว่าการอำเภออ่าวลึก,8.373086,98.717084,gis
ALA06,ALA06WF-107,WF,6K,หญิงกวางเจริญทอง,8.388823,98.722537,gis
ALA06,ALA06WS-108,WS,600A,,8.384701,98.715522,gis
ALA06,ALA06WF-108,WF,10K,บ้านชาวเขา,8.386088,98.728964,gis
ALA06,ALA06WS-109,WS,600A,,8.384796,98.715457,gis
ALA06,ALA06WF-109,WF,50K,บ้านซอยชัยศิริ,8.383372,98.72616,gis
ALA06,ALA06WS-110,WS,600A,,8.384792,98.715543,gis
ALA06,ALA06WF-110,WF,30K,โรงสูบน้ำเทศบาลแหลมลัก,8.379978,98.724213,gis
ALA06,ALA06WF-111,WF,10K,บ.ทุ่งออก,8.375925,98.728219,gis
ALA06,ALA06WF-112,WF,50K,บ้านเขาวง(ช่องเขา),8.373219,98.733466,gis
ALA06,ALA06WF-113,WF,50K,บ่องกุ้งนางสมมิตร,8.368279,98.727485,gis
ALA06,ALA06WF-114,WF,10K,สภอ.อ่าวลึก,8.37743,98.722282,gis
ALA06,ALA06WF-115,WF,50K,บ้านช่องลม,8.373662,98.720173,gis
ALA06,ALA06WF-116,WF,50K,บ้านท่าเรือ,8.372808,98.717511,gis
ALA06,ALA06WF-117,WF,6K,,8.366325,98.714788,gis
ALA06,ALA06WF-118,WF,2K,,8.363533,98.714552,gis
ALA06,ALA06WF-119,WF,50K,บ้านคลองสุข,8.370542,98.708117,gis
ALA06,ALA06WF-120,WF,50K,บ้านหินราว,8.353914,98.684112,gis
ALA06,ALA06WF-121,WF,50K,บ้านเกาะยอ,8.36439,98.648167,gis
ALA06,ALA06WF-122,WF,50K,รีสอร์ทหินรวด,8.366385,98.638602,gis
ALA06,ALA06WF-123,WF,6K,รีสอร์ทหินขาว,8.365742,98.638523,gis
ALA06,ALA06WF-124,WF,50K,บ้านเกาะเคียน,8.334311,98.680069,gis
ALA06,ALA06WF-125,WF,10K,บ่อกุ้งคุณโอ๋,8.323788,98.670269,gis
ALA06,ALA06WF-126,WF,50K,บ้านในใสม.6,8.32179,98.668116,gis
ALA06,ALA06WF-127,WF,50K,บ้านเต่าถ่าน,8.315033,98.666327,gis
ALA06,ALA06WF-128,WF,50K,บ้านอ่าวนำ้,8.309828,98.664137,gis
ALA06,ALA06WF-129,WF,50K,บ่อกุ้ง นายปรัชญา,8.308136,98.664637,gis
ALA06,ALA06WF-130,WF,10K,,8.28573,98.656492,gis
ALA06,ALA06WF-131,WF,50K,บ้านต้นบก,8.280391,98.652647,gis
ALA06,ALA06WF-132,WF,10K,บ้านไสโต๊ะดำ,8.282379,98.649446,gis
ALA06,ALA06WF-133,WF,10K,,,,manual
ALA06,ALA06WF-134,WF,50K,บ้านถำ้เสือใน,8.400241,98.704672,gis
ALA06,ALA06WF-135,WF,10K,,8.391783,98.699664,gis
ALA06,ALA06WF-136,WF,50K,บ้านคลองขุด,8.403411,98.703427,gis
ALA06,ALA06WF-137,WF,50K,บ้านควนผักเหมียง,8.420857,98.693682,gis
ALA06,ALA06WF-138,WF,6K,บ.สามัคคี,,,manual
ALA06,ALA06WF-139,WF,6K,บ.สันปาล์ม,8.445715,98.69069,gis
ALA06,ALA06WF-140,WF,50K,บ้านทุ่งกาตีกัน,8.449333,98.697734,gis
ALA06,ALA06WF-141,WF,50K,บ้านดินแดง,8.448769,98.69767,gis
ALA06,ALA06WF-142,WF,50K,บ้านพรุใหญ่,8.447053,98.716307,gis
ALA06,ALA06WF-143,WF,50K,บ้านเขาใหญ่,8.453922,98.717388,gis
ALA06,ALA06WF-701,WF,,,,,manual
ALA06,ALA06WF-702,WF,,,,,manual
ALA06,ALA06WF-703,WF,,,,,manual
ALA06,ALA06WS-901,WS,400A,บ.ยูนิวานิช,8.386193,98.729449,gis
ALA06,ALA06WS-902,WS,600A,บริษัท ยูนิวานิชน้ำมันปาล์ม จำกัด อ่าวลึก,8.385315,98.729919,gis
ALA06,ALA06WS-903,WS,400A,บริษัท เอเชี่ยนน้ำมันปาล์ม จำกัด,8.381799,98.716664,gis
ALA06,ALA06WR-102b,WR,,รีโคลสเซอร์ (105/106/107),,,manual
ALA07,ALA07WS-01,WS,600A,สถานีไฟฟ้าอ่าวลึก,8.420429,98.739807,gis
ALA07,ALA07WB-01,WB,600A,สถานีไฟฟ้าอ่าวลึก,8.420318,98.739716,gis
ALA07,ALA07F-01/01,WF,20K,,8.401435,98.742263,gis
ALA07,ALA07F-01/02,WF,30K,,8.396726,98.743137,gis
ALA07,ALA07F-20,WF,50K,สหกรณ์ ช.18,8.377654,98.885952,gis
ALA07,ALA07F-26/01,WF,10K,ลานเทสหกรณ์บางเหลียว,8.451697,98.850789,gis
ALA07,ALA07F-36,WF,50K,บ้านพักพนักงานไทยอุตสหกรรม,8.49811,98.884149,gis
ALA07,ALA07F-38,WF,50K,ชุมสายโทรศัพย์,8.530031,98.863495,gis
ALA07,ALA07WS-101,WS,600A,RiserPole หน้า สฟ.อ่าวลึก,8.420087,98.739238,gis
ALA07,ALA07WR-101,WR,560A,บ้านน้ำจานใต้,8.39669,98.745936,gis
ALA07,ALA07WF-101,WF,15K,โรงสูบน้ำประปา,8.397304,98.751353,gis
ALA07,ALA07WC-101,WC,15x100KVAR,คาปาซิเตอร์แบงค์,,,manual
ALA07,ALA07WS-102,WS,600A,,8.396652,98.745885,gis
ALA07,ALA07WR-102,WR,560A,บ้านโคกแซะ,8.439527,98.782223,gis
ALA07,ALA07WF-102,WF,6K,บ้านหนองลึก,8.393222,98.755391,gis
ALA07,ALA07WS-103,WS,600A,,8.396728,98.74599,gis
ALA07,ALA07WF-103,WF,10K,บ้านน้ำจาน,8.404805,98.756546,gis
ALA07,ALA07WS-104,WS,600A,,8.396753,98.745884,gis
ALA07,ALA07WF-104,WF,6K,บ.หน้าถ้ำ,8.404924,98.758783,gis
ALA07,ALA07WS-105,WS,400A,,8.405344,98.748618,gis
ALA07,ALA07WF-105,WF,10K,บ้านหน้าถ้ำ,8.404696,98.767228,gis
ALA07,ALA07WS-106,WS,600A,,8.439485,98.782179,gis
ALA07,ALA07WF-106,WF,6K,บ้านหนองพอ,8.403598,98.798793,gis
ALA07,ALA07WS-107,WS,600A,,8.439574,98.782271,gis
ALA07,ALA07WF-107,WF,10K,บ้านควนหมาหอบ,8.404427,98.802183,gis
ALA07,ALA07WS-108,WS,400A,,8.458368,98.791329,gis
ALA07,ALA07WF-108,WF,50K,บ้านน้ำจาน ม.3,8.407142,98.814717,gis
ALA07,ALA07WS-109,WS,400A,,8.522013,98.858597,gis
ALA07,ALA07WF-109,WF,10K,บ.เกาะพีอีก,8.399637,98.744944,gis
ALA07,ALA07WS-110,WS,400A,,8.525165,98.86027,gis
ALA07,ALA07WF-110,WF,50K,บ.เกาะพี,8.425494,98.767876,gis
ALA07,ALA07WS-111,WS,600A,,8.549145,98.87225,gis
ALA07,ALA07WF-111,WF,10K,บ.ไร่ใหญ่,,,manual
ALA07,ALA07WS-112,WS,400A,อ.ปลายพระยา,8.578218,98.921903,gis
ALA07,ALA07WF-112,WF,6K,,8.430461,98.792092,gis
ALA07,ALA07WS-113,WS,600A,,8.580367,98.927877,gis
ALA07,ALA07WF-113,WF,50K,บ้านบางเหลียว,8.455757,98.790079,gis
ALA07,ALA07WF-114,WF,50K,ซ.ประปาควนทัง,8.452689,98.807813,gis
ALA07,ALA07WF-115,WF,50K,บ้านโคกขาม,8.452088,98.807867,gis
ALA07,ALA07WF-116,WF,30K,,8.452506,98.808192,gis
ALA07,ALA07WF-117,WF,50K,บ.ช่วงเพรช,8.454017,98.821637,gis
ALA07,ALA07WF-118,WF,6K,ลานสหกรณ์,,,manual
ALA07,ALA07WF-119,WF,50K,บ.ห้วยกรวด,8.44718,98.834271,gis
ALA07,ALA07WF-120,WF,50K,รร.บ้านบางเหลียว,8.448043,98.83981,gis
ALA07,ALA07WF-121,WF,50K,บ.เขานุ้ย,8.45137,98.844337,gis
ALA07,ALA07WF-122,WF,50K,ประปาบ้านน้ำรอบ,8.465976,98.848182,gis
ALA07,ALA07WF-123,WF,6K,จ.ห้วยเสียว,,,manual
ALA07,ALA07WF-124,WF,2K,สวนวรรณี,8.475175,98.807793,gis
ALA07,ALA07WF-125,WF,2K,นิคมสหกรณ์,8.476825,98.813291,gis
ALA07,ALA07WF-126,WF,2K,สวนวรรณี,8.477475,98.814568,gis
ALA07,ALA07WF-127,WF,50K,บ.กอตง,8.486059,98.825812,gis
ALA07,ALA07WF-128,WF,50K,บ.หนองหมัด,8.487259,98.828629,gis
ALA07,ALA07WF-129,WF,50K,บ.ปากน้ำ1,8.51687,98.85381,gis
ALA07,ALA07WF-130,WF,2K,บ้านปากน้ำ,8.515693,98.855128,gis
ALA07,ALA07WF-131,WF,50K,ชลประทานขวา,8.510661,98.862356,gis
ALA07,ALA07WF-132,WF,50K,ชลประทานซ้าย,8.510582,98.862598,gis
ALA07,ALA07WF-133,WF,50K,เขาเขนใน,8.498912,98.8509,gis
ALA07,ALA07WF-134,WF,50K,บ.โคกเจียก,8.512445,98.878143,gis
ALA07,ALA07WF-135,WF,50K,บ.ฟาร์มวัว,8.505381,98.874655,gis
ALA07,ALA07WF-136,WF,50K,บ้านคลองพระยาใต้,8.505263,98.87833,gis
ALA07,ALA07WF-137,WF,2K,คลองพระยาใต้,8.504102,98.887078,gis
ALA07,ALA07WF-138,WF,2K,คลองพระยาใต้,8.503929,98.889226,gis
ALA07,ALA07WF-139,WF,,EV Charcher,,,manual
ALA07,ALA07WF-140,WF,2K,บ้านคลองพระยา,8.499024,98.882196,gis
ALA07,ALA07WF-141,WF,50K,ตลาดเทศบาลปลายพระยา,8.53047,98.863881,gis
ALA07,AALA07WF-142,WF,50K,บ้านวังจา,8.531359,98.864465,gis
ALA07,ALA07WF-142,WF,10K,ต.นวิจา,,,manual
ALA07,ALA07WF-143,WF,2K,บ้านบางแก้ว,8.530097,98.868351,gis
ALA07,ALA07WF-144,WF,2K,ซอยหนองใหญ่,8.534631,98.865993,gis
ALA07,ALA07WF-145,WF,50K,ซ.โรงเรียนอนุบาลเทศบาล,8.539372,98.867872,gis
ALA07,ALA07WF-146,WF,2K,บัวชมพู,8.542638,98.869222,gis
ALA07,ALA07WF-147,WF,2K,บางบอนวัสดุก่อสร้าง,8.54383,98.869587,gis
ALA07,ALA07WF-148,WF,2K,ซุปเปอร์ชิป,8.545989,98.870613,gis
ALA07,ALA07WF-149,WF,2K,โรงเรียนปลายพระยา,8.54703,98.871251,gis
ALA07,ALA07WF-150,WF,10K,ซอยสหปาล์มปลายพระยา,8.548022,98.871698,gis
ALA07,ALA07WF-151,WF,50K,ซอยร่วมใจ,8.552047,98.87509,gis
ALA07,ALA07WF-152,WF,2K,แสงกาแฟ,8.555317,98.904903,gis
ALA07,ALA07WF-153,WF,50K,บ.บางเงิน,8.555984,98.906175,gis
ALA07,ALA07WF-154,WF,2K,ซอยวัดบางเงิน,8.55469,98.908313,gis
ALA07,ALA07WF-155,WF,50K,บ.ไซห่อ,8.56407,98.911326,gis
ALA07,ALA07WF-156,WF,50K,ซ.หัวเชี่ยว,8.573094,98.917368,gis
ALA07,ALA07WF-157,WF,50K,บ.ทับเที่ยง,8.579489,98.925671,gis
ALA07,ALA07WF-701,WF,10K,บริษัทเกษตรลิขิต,8.407646,98.80193,gis
ALA07,ALA07WF-702,WF,6K,ฟาร์มไก่นายสมพร / ลหกรณ์นาจาน,8.408572,98.801193,gis
ALA07,ALA07WF-704,WF,10K,ประปาบ.ทับควาย,8.435869,98.778683,gis
ALA07,ALA07WS-705,WS,10A,,8.402898,98.746527,gis
ALA07,ALA07WF-706,WF,2K,โรงอิฐปากหยา,8.505365,98.841345,gis
ALA07,ALA07WF-707,WF,2K,สวนทุเรียน,8.508443,98.84407,gis
ALA07,ALA07WF-708,WF,2K,โรงน้ำสราญ,8.504462,98.888981,gis
ALA07,ALA07WF-709,WF,2K,โรงพยาบาล,8.533011,98.865402,gis
ALA07,ALA07WF-711,WF,50K,บ.ไร่ใหญ่,8.43436,98.777522,gis
ALA07,ALA07WS-901,WS,,รีโมท SCADA (2.85 MW โซลาร์),,,manual
ALA07,ALA07WS-902,WS,,รีโมท SCADA,,,manual
ALA07,ALA07WF-701b,WF,6K,บ.หนองพอ,,,manual
ALA09,ALA09WS-01,WS,600A,สถานีไฟฟ้าอ่าวลึก,8.4204,98.739795,gis
ALA09,ALA09WB-01,WB,600A,สถานีไฟฟ้าอ่าวลึก,8.420417,98.739617,gis
ALA09,ALA09F-04/04,WF,50K,บ.บีไล้รับเบอร์,8.516699,98.700503,gis
ALA09,ALA09WS-101,WS,600A,RiserPole หน้า สฟ.อ่าวลึก,8.421392,98.739683,gis
ALA09,ALA09WR-101,WR,560A,https://goo.gl/bktKvb,8.532845,98.710945,gis
ALA09,ALA09MR-101,MR,,รีโคลสเซอร์ (107/108/109),,,manual
ALA09,ALA09WF-101,WF,6K,,8.449174,98.740299,gis
ALA09,ALA09WS-102,WS,600A,บ.เขาใหญ่รีสอร์ท,8.448933,98.740221,gis
ALA09,ALA09WF-102,WF,10K,เขาใหญ่รีสอร์ท,8.453941,98.738475,gis
ALA09,ALA09WS-103,WS,400A,บ.หินดาน,8.47361,98.73387,gis
ALA09,ALA09WF-103,WF,50K,บ้านควนยิงวัว(หินด่าน),8.466645,98.737433,gis
ALA09,ALA09WS-104,WS,400A,บ้านนาเหนือ,8.506839,98.683199,gis
ALA09,ALA09WF-104,WF,10K,,8.47052,98.743176,gis
ALA09,ALA09WS-105,WS,400A,บ้านนาเหนือ,8.507898,98.670493,gis
ALA09,ALA09SW-105,SW,,,,,manual
ALA09,ALA09WF-105,WF,50K,บ้านทุ่งสูง,8.49555,98.707441,gis
ALA09,ALA09WS-106,WS,400A,วัดบางโทง อ.อ่าวลึก จ.กระบี่,8.531475,98.709989,gis
ALA09,ALA09WF-106,WF,50K,บ้านบางไทร,8.50281,98.69709,gis
ALA09,ALA09WS-107,WS,600A,,8.532812,98.710921,gis
ALA09,ALA09WF-107,WF,50K,บ้านหัวควน,8.515323,98.694498,gis
ALA09,ALA09WS-108,WS,600A,,8.532868,98.710963,gis
ALA09,ALA09WF-108,WF,50K,บ้านหัวควน,8.516092,98.694177,gis
ALA09,ALA09WS-109,WS,600A,,8.532823,98.710974,gis
ALA09,ALA09WF-109,WF,50K,บ้านนาบัว,8.526396,98.706877,gis
ALA09,ALA09WS-110,WS,400A,โรงน้ำ,8.573855,98.740512,gis
ALA09,ALA09WF-110,WF,50K,บ้านควนสะท้อน,8.532785,98.710524,gis
ALA09,ALA09WS-111,WS,400A,สามแยก บ.เขาต่อ,8.57782,98.741817,gis
ALA09,ALA09WF-111,WF,10K,บ้านควนสบาย,8.544173,98.700591,gis
ALA09,ALA09WS-112,WS,400A,บ้านเขาต่อ,8.58283,98.742113,gis
ALA09,ALA09WF-112,WF,50K,บ้านวัดบางโทง,8.532304,98.711266,gis
ALA09,ALA09WF-113,WF,50K,น.บาทวี,8.531394,98.713212,gis
ALA09,ALA09WF-114,WF,50K,บ้านวัดบางโทง,8.539509,98.719266,gis
ALA09,ALA09WF-115,WF,50K,บ้านควนสบาย,8.540719,98.720004,gis
ALA09,ALA09WF-116,WF,50K,บ้านบางเจริญ,8.541583,98.723283,gis
ALA09,ALA09WF-117,WF,50K,บ้านบางเจริญใต้,8.541968,98.72487,gis
ALA09,ALA09WF-118,WF,10K,ม.5 บ้านบางเจริญ,8.531791,98.749849,gis
ALA09,ALA09WF-119,WF,50K,บ.ควนสบายเหนือ,8.547937,98.728495,gis
ALA09,ALA09WF-120,WF,10K,บริษัทอินเดินภูมิภาค,8.553474,98.719464,gis
ALA09,ALA09WF-121,WF,50K,บ้านบางทอง,8.549734,98.73047,gis
ALA09,ALA09WF-122,WF,10K,บริษัทอินเดินสวนปุน,,,manual
ALA09,ALA09WF-123,WF,2K,บ.นายอด,8.559063,98.734109,gis
ALA09,ALA09WF-124,WF,50K,บ้านบางหอยโข่ง ม.3,8.567561,98.737155,gis
ALA09,ALA09WF-125,WF,2K,บ้านบางหอยโข่ง,8.573667,98.731235,gis
ALA09,ALA09WF-126,WF,50K,บ้านบางอวด,8.576871,98.723432,gis
ALA09,ALA09WF-127,WF,50K,ซอยวัดเขาต่อ,8.572778,98.740863,gis
ALA09,ALA09WF-128,WF,50K,บ.นอกวัด,8.570946,98.743826,gis
ALA09,ALA09WF-129,WF,2K,เสาทวนสัญญาณ,8.577047,98.740483,gis
ALA09,ALA09WF-130,WF,50K,ซอยน้ำตก,8.581393,98.741625,gis
ALA09,ALA09WF-131,WF,50K,บ.น้ำคำ,8.586084,98.7376,gis
ALA09,ALA09WF-132,WF,2K,ฟาร์มไก่,8.583778,98.742507,gis
ALA09,ALA09WF-133,WF,50K,บ้านบางเฒ่าแม่ ม.1,8.590174,98.742929,gis
ALA09,ALA09WF-134,WF,50K,บ.นารอบ,8.591155,98.743195,gis
ALA09,ALA09WF-135,WF,50K,บ.โคกยอ,8.599083,98.745583,gis
ALA09,ALA09WF-136,WF,50K,บ.บางกลวย,8.603817,98.748262,gis
ALA09,ALA09WF-137,WF,50K,บ.ทุ่งทอง,8.606389,98.748373,gis
ALA09,ALA09WF-138,WF,50K,ซอยโรงงานไก่,8.618218,98.754249,gis
ALA09,ALA09WF-139,WF,50K,บ.หนองเต่า,8.618409,98.753532,gis
ALA09,ALA09WF-140,WF,50K,ซ.วัดบ้านนา,8.621323,98.756815,gis
ALA09,ALA09WF-141,WF,50K,ซ.ร.ร.บ้านนา,8.619984,98.758342,gis
ALA09,ALA09WF-142,WF,10K,ไลน์วัดบ้านนา,8.621715,98.757383,gis
ALA09,ALA09WF-143,WF,50K,ซ.วัดบ้านนา,8.626183,98.760702,gis
ALA09,ALA09WF-144,WF,10K,ซ.สมใจ,8.634069,98.766981,gis
ALA09,ALA09WF-145,WF,50K,โรงงานผสมแอดฟั้ด,8.639881,98.771986,gis
ALA09,ALA09WF-146,WF,50K,บ.บางหอย,8.642649,98.774496,gis
ALA09,ALA09WF-147,WF,50K,เสาทวนสัญญาณ,8.650484,98.776173,gis
ALA09,ALA09WF-148,WF,50K,บ.เขาแก้ว,8.651911,98.777292,gis
ALA09,ALA09WF-149,WF,50K,บ.บางแห้ง,8.65944,98.778768,gis
ALA09,ALA09WF-701,WF,10K,โรงงานลูกปุ๋ยจากลุน,8.469035,98.737037,gis
ALA09,ALA09WF-701/01,WF,2K,หจก.ซีซีพี คอนกรีต ม.5 เขาใหญ่,8.469399,98.737036,gis
ALA09,ALA09WF-702,WF,6K,จ.ภูษ์รับเบอร์,8.486273,98.720465,gis
ALA09,ALA09WF-703,WF,50K,ประปา บ.นาเหนือ,8.505206,98.693917,gis
ALA09,ALA09WF-704,WF,20K,ลหกรณ์เมืองใหม่,8.507282,98.68981,gis
ALA09,ALA09WF-705,WF,25K,หลกงชมภูษ์,8.507187,98.688696,gis
ALA09,ALA09WF-706,WF,50K,นาเหนือมทัศน์ (บ.หัวควน),8.507503,98.682271,gis
ALA09,ALA09WF-707,WF,2K,ลาบี EV,8.508554,98.68297,gis
ALA09,ALA09WF-708,WF,50K,นาเหนือมทัศน์,8.510077,98.684068,gis
ALA09,ALA09WF-709,WF,50K,บ.สยามโมเดิล,8.514753,98.695431,gis
ALA09,ALA09WF-710,WF,2K,บริษัทบันวัลชัย,8.514433,98.699446,gis
ALA09,ALA09WF-711,WF,50K,ฟาร์มหมูนายหมี,8.515838,98.700643,gis
ALA09,ALA09WF-712,WF,50K,หน่วยกู้ภัยราชสีห์,8.518785,98.701337,gis
ALA09,ALA09WF-713,WF,50K,บ.วงศ์บัญฑิต,8.524728,98.705066,gis
ALA09,ALA09WF-714,WF,50K,บ.บางโทง,8.525659,98.719397,gis
ALA09,ALA09WF-715,WF,10K,โรงยางมะตอย,8.564785,98.733608,gis
ALA09,ALA09WF-716,WF,2K,,8.572275,98.732856,gis
ALA09,ALA09WF-717,WF,20K,บ.นาบยบ,8.595607,98.744491,gis
ALA09,ALA09WF-718,WF,10K,โรงงานมิ่งฮั้ว,8.651106,98.776237,gis
ALA09,ALA09WF-719,WF,50K,โรงงานผลไม้แอด,8.651634,98.779511,gis
ALA09,ALA09WS-901,WS,400A,บริษัท โมเดิร์น กรีนพาวเวอร์ จำกัด,8.514533,98.694757,gis
ALA09,ALA09WS-902,WS,600A,บริษัท โมเดิร์น กรีนพาวเวอร์ จำกัด,8.514497,98.694757,gis
