Feeder,Code,Route,CustomerAccount,Location,StationName,Lat,Lon
ALA01,KAUL,9803,020029119096,บ่อกุ้ง นายแสง ม.3 อ่าวลึกน้อย,กฟส.อ่าวลึก (S),8.302923332,98.734725631
ALA01,KAUL,9803,020022365341,บ่อกุ้ง นายดำรง  ถิ่นพังงา,กฟส.อ่าวลึก (S),8.305789547,98.719243124
ALA01,KAUL,9830,020016636099,-,กฟส.อ่าวลึก (S),8.300204262,98.720875758
ALA03,KWES,5555,081000028028,-,กฟส.ปลายพระยา (XS),8.583239021,98.933060923
ALA07,KPSG,5555,081000139001,SMRT_,กฟส.พระแสง (S),8.583480051,98.934163111
ALA02,KAUL,9029,020028153274,-,กฟส.อ่าวลึก (S),8.402217859,98.742161048
ALA06,KAUL,9029,020028201401,-,กฟส.อ่าวลึก (S),8.385013049,98.715034625
ALA07,KAUL,9801,020008698962,-,กฟส.อ่าวลึก (S),8.401418461,98.742268089
ALA02,KAUL,9029,020029449693,-,กฟส.อ่าวลึก (S),8.29703549,98.789614807
ALA02,KAUL,9029,020028511629,-,กฟส.อ่าวลึก (S),8.347598219,98.781165031
ALA03,KPPY,9029,020019676617,-,กฟส.ปลายพระยา (XS),8.466410123,98.79475184
ALA07,KPPY,9029,020019718217,-,กฟส.ปลายพระยา (XS),8.454266858,98.795724305
ALA03,KPPY,9802,020008820818,-,กฟส.ปลายพระยา (XS),8.578932092,98.919349788
ALA03,KAUL,9029,020008702756,-,กฟส.อ่าวลึก (S),8.414892249,98.75488221
ALA03,KPPY,9820,020008796699,,กฟส.ปลายพระยา (XS),8.588526445,98.918730316
ALA03,KPPY,9802,020022753277,โรงโม่ บีวีไมนิ่ง,กฟส.ปลายพระยา (XS),8.573303384,98.769270083
ALA03,KPPY,9029,020022678859,-,กฟส.ปลายพระยา (XS),8.573217331,98.769442535
ALA02,KAUL,9029,020024262326,-,กฟส.อ่าวลึก (S),8.355689287,98.782245624
ALA06,KAUL,9802,020008704932,,กฟส.อ่าวลึก (S),8.308180339,98.664782545
ALA06,KAUL,9028,020018689686,-,กฟส.อ่าวลึก (S),8.377435562,98.722326469
ALA02,KAUL,9029,020020507962,-,กฟส.อ่าวลึก (S),8.320365801,98.788761371
ALA03,KPPY,9802,082000039007,-,กฟส.ปลายพระยา (XS),8.578918455,98.919366385
ALA03,KPPY,9029,020028919164,-,กฟส.ปลายพระยา (XS),8.557515619,98.7963035
ALA02,KAUL,9029,020028875433,-,กฟส.อ่าวลึก (S),8.353843496,98.764694532
ALA03,KPPY,9029,020029024947,-,กฟส.ปลายพระยา (XS),8.645378422,98.846450086
ALA07,KPPY,9029,020008820692,-,กฟส.ปลายพระยา (XS),8.532968637,98.865394207
ALA03,KPPY,9029,020018777126,-,กฟส.ปลายพระยา (XS),8.430331916,98.814466433
ALA07,KAUL,9029,020008660431,-,กฟส.อ่าวลึก (S),8.435840836,98.77875419
ALA07,KAUL,9029,020024048110,-,กฟส.อ่าวลึก (S),8.407635205,98.782638542
ALA02,KAUL,9803,020024573269,,กฟส.อ่าวลึก (S),8.339785856,98.885295973
ALA06,KAUL,9803,082000302154,บริษัท เอเชี่ยน,กฟส.อ่าวลึก (S),8.382229357,98.717147748
ALA06,KAUL,9803,020026739688,บจ.เอเชี่ยนปาล์ม,กฟส.อ่าวลึก (S),8.382168108,98.717066735
ALA09,KPPY,9029,020027140484,-,กฟส.ปลายพระยา (XS),8.572297984,98.732915037
ALA09,KAUL,9803,020008641028,-,กฟส.อ่าวลึก (S),8.525700068,98.719401292
ALA05,KTPT,9801,020021919456,-,กฟส.ทับปุด (XS),8.432899034,98.629964738
ALA05,KTPT,9801,020009241632,-,กฟส.ทับปุด (XS),8.400107071,98.636738511
ALA06,KAUL,9803,020008705098,-,กฟส.อ่าวลึก (S),8.361576654,98.638080597
ALA02,KAUL,9802,020008704371,-,กฟส.อ่าวลึก (S),8.338890284,98.767448772
ALA03,KPPY,9029,020017409397,-,กฟส.ปลายพระยา (XS),8.389022283,98.865902434
ALA02,KAUL,9029,020024048229,-,กฟส.อ่าวลึก (S),8.350456787,98.78114433
ALA06,KAUL,9803,082000041003,-,กฟส.อ่าวลึก (S),8.386112106,98.729504814
ALA09,KAUL,9803,020026588525,,กฟส.อ่าวลึก (S),8.524779499,98.7050589
ALA05,KTPT,9801,020025634609,,กฟส.ทับปุด (XS),8.414383068,98.63016901
ALA05,KTPT,9820,020008396386,,กฟส.ทับปุด (XS),8.497334281,98.630325977
ALA05,KTPT,9801,020008396596,,กฟส.ทับปุด (XS),8.510471721,98.645658624
ALA05,KTPT,9074,020008420328,,กฟส.ทับปุด (XS),8.50098556,98.649108976
ALA09,KAUL,9802,020008704738,-,กฟส.อ่าวลึก (S),8.514642505,98.695375106
ALA09,KPPY,9802,020018855082,-,กฟส.ปลายพระยา (XS),8.651060734,98.776265722
ALA05,KPNG,5555,081000028008,-,กฟส.ทับปุด (XS),8.507775131,98.667819437
ALA05,KTPT,9801,020018041781,-,กฟส.ทับปุด (XS),8.401030223,98.637178252
ALA05,KTPT,9801,020008396709,-,กฟส.ทับปุด (XS),8.42572538,98.630883644
ALA09,KPPY,9029,020021737823,-,กฟส.ปลายพระยา (XS),8.651744872,98.779594741
ALA09,KAUL,9028,020021875284,-,กฟส.อ่าวลึก (S),8.514336802,98.699474299
ALA09,KPPY,9830,020022078479,-,กฟส.ปลายพระยา (XS),8.564732013,98.733630809
ALA05,KAUL,9028,020022421781,-,กฟส.อ่าวลึก (S),8.48409661,98.690892489
ALA05,KTPT,9029,020022811362,-,กฟส.ทับปุด (XS),8.514835419,98.639244633
ALA09,KAUL,9803,082000052006,-,กฟส.อ่าวลึก (S),8.514458602,98.694780556
ALA05,KTPT,9801,020022875797,-,กฟส.ทับปุด (XS),8.423829438,98.623112539
ALA05,KTPT,9801,020008396787,-,กฟส.ทับปุด (XS),8.418807241,98.640196756
ALA09,KAUL,9028,020023358871,-,กฟส.อ่าวลึก (S),8.50729658,98.68864429
ALA09,KAUL,9803,020008640978,-,กฟส.อ่าวลึก (S),8.514574236,98.694653859
ALA09,KAUL,5555,081000028032,-,กฟส.ปลายพระยา (XS),8.659927412,98.779542178
ALA05,KAUL,5555,081000028032,-,กฟส.อ่าวลึก (S),8.507751381,98.668617893
ALA09,KPPY,9830,020020001409,-,กฟส.ปลายพระยา (XS),8.595685519,98.744524796
ALA09,KPPY,9029,020008820645,-,กฟส.ปลายพระยา (XS),8.618444723,98.753648966
ALA02,KAUL,9830,020019889363,-,กฟส.อ่าวลึก (S),8.351345102,98.781177422
ALA03,KAUL,9830,020021180495,-,กฟส.อ่าวลึก (S),8.425156486,98.76553151
ALA06,KAUL,9830,020008640888,,กฟส.อ่าวลึก (S),8.368196526,98.727524958
ALA02,KAUL,9830,020008640757,,กฟส.อ่าวลึก (S),8.380993376,98.747326372
ALA06,KAUL,9830,020022961682,-,กฟส.อ่าวลึก (S),8.328370478,98.67483372
ALA07,KAUL,9830,020020605824,-,กฟส.อ่าวลึก (S),8.406233875,98.801678256
ALA02,KAUL,9830,020020639155,-,กฟส.อ่าวลึก (S),8.341868473,98.765491084
ALA01,KAUL,9830,020017725649,-,กฟส.อ่าวลึก (S),8.321383927,98.74487906
ALA07,KPPY,9830,020027771323,-,กฟส.ปลายพระยา (XS),8.504492146,98.889054268
ALA01,KAUL,9803,020025093185,-,กฟส.อ่าวลึก (S),8.305810166,98.740102899
ALA03,KPPY,9802,020008820776,,กฟส.ปลายพระยา (XS),8.450919987,98.785899894
ALA02,KAUL,9029,020024110242,-,กฟส.อ่าวลึก (S),8.344496425,98.786113234
ALA01,PEA1,EA11,081000026029,-,กฟส.อ่าวลึก (S),8.420331969,98.739653543
ALA06,PEA1,EA11,081000026029,-,กฟส.อ่าวลึก (S),8.420323723,98.739673379
ALA03,PEA1,EA11,081000026029,-,กฟส.อ่าวลึก (S),8.420315838,98.739689599
ALA07,PEA1,EA11,081000026029,-,กฟส.อ่าวลึก (S),8.420309391,98.739706908
ALA02,PEA1,EA11,081000026029,-,กฟส.อ่าวลึก (S),8.420301858,98.739723137
ALA05,PEA1,EA11,081000026029,-,กฟส.อ่าวลึก (S),8.420377297,98.739588817
ALA09,PEA1,EA11,081000026029,-,กฟส.อ่าวลึก (S),8.420426959,98.739608478
ALA06,KAUL,9803,020008705042,-,กฟส.อ่าวลึก (S),8.386232981,98.729442902
ALA02,KAUL,9810,020008678189,-,กฟส.อ่าวลึก (S),8.291539331,98.794163826
ALA01,KAUL,9803,020028194590,,กฟส.อ่าวลึก (S),8.39078187,98.742293416
ALA02,KAUL,9802,020008704419,,กฟส.อ่าวลึก (S),8.380810994,98.746448753
ALA03,KAUL,9803,020021180501,-,กฟส.อ่าวลึก (S),8.427021471,98.768642148
ALA01,KAUL,9803,020025333515,-,กฟส.อ่าวลึก (S),8.269404366,98.785479775
